GeneId,Prediction
1,0.415438
2,0.319262
3,0.977828
4,0.0958332
5,0.103819
6,0.875716
7,0.0777378
8,0.0649648
9,0.935036
10,0.0786976
11,0.756347
12,0.918694
13,0.100359
14,0.841122
15,0.804213
16,0.925703
17,0.646499
18,0.882289
19,0.980825
20,0.303736
21,0.869054
22,0.112406
23,0.89984
24,0.0874068
25,0.123522
26,0.94895
27,0.0543406
28,0.306666
29,0.107479
30,0.996641
31,0.863376
32,0.0943685
33,0.100865
34,0.991396
35,0.755168
36,0.123192
37,0.111765
38,0.105013
39,0.277713
40,0.0647065
41,0.943043
42,0.356626
43,0.880355
44,0.847436
45,0.979878
46,0.909747
47,0.637001
48,0.936927
49,0.986276
50,0.168704
51,0.96262
52,0.314441
53,0.855999
54,0.964781
55,0.979328
56,0.973458
57,0.0268464
58,0.324912
59,0.888829
60,0.857558
61,0.356457
62,0.10755
63,0.790231
64,0.893453
65,0.111091
66,0.452372
67,0.8203
68,0.112575
69,0.926256
70,0.873265
71,0.0508462
72,0.183563
73,0.060641
74,0.892721
75,0.110276
76,0.109564
77,0.157298
78,0.970585
79,0.817839
80,0.94543
81,0.984706
82,0.104078
83,0.961142
84,0.991316
85,0.995484
86,0.921512
87,0.895737
88,0.0651016
89,0.861394
90,0.0505106
91,0.947837
92,0.167351
93,0.109078
94,0.565923
95,0.887473
96,0.931836
97,0.427707
98,0.929132
99,0.279265
100,0.282349
101,0.941773
102,0.805634
103,0.921159
104,0.932839
105,0.224889
106,0.972488
107,0.962722
108,0.860396
109,0.963232
110,0.318386
111,0.0762245
112,0.910463
113,0.936993
114,0.787632
115,0.854126
116,0.109499
117,0.583736
118,0.77206
119,0.0704548
120,0.755829
121,0.0666167
122,0.923933
123,0.0839342
124,0.897294
125,0.377358
126,0.820292
127,0.8672
128,0.0521186
129,0.938298
130,0.839741
131,0.0760484
132,0.153566
133,0.976537
134,0.0783232
135,0.0464422
136,0.231545
137,0.846493
138,0.921816
139,0.269791
140,0.118906
141,0.810855
142,0.971699
143,0.199057
144,0.117352
145,0.939739
146,0.837113
147,0.855505
148,0.931712
149,0.912653
150,0.832976
151,0.990572
152,0.0842752
153,0.446717
154,0.86044
155,0.112109
156,0.946347
157,0.964567
158,0.981356
159,0.962169
160,0.971801
161,0.175965
162,0.969338
163,0.968157
164,0.101238
165,0.959159
166,0.0586331
167,0.981332
168,0.925118
169,0.149949
170,0.897115
171,0.101616
172,0.115639
173,0.314133
174,0.942308
175,0.823173
176,0.909219
177,0.945825
178,0.70161
179,0.0977293
180,0.0650855
181,0.116837
182,0.0673521
183,0.925305
184,0.910577
185,0.608841
186,0.857572
187,0.771884
188,0.922231
189,0.961184
190,0.965028
191,0.303301
192,0.973999
193,0.106882
194,0.0773638
195,0.95376
196,0.761083
197,0.425522
198,0.930382
199,0.295347
200,0.915729
201,0.9364
202,0.0689622
203,0.109584
204,0.0912794
205,0.10851
206,0.898699
207,0.838723
208,0.996678
209,0.155094
210,0.877894
211,0.0550649
212,0.0512377
213,0.960693
214,0.951113
215,0.861732
216,0.110137
217,0.112946
218,0.304369
219,0.200847
220,0.126544
221,0.786779
222,0.977438
223,0.804965
224,0.665188
225,0.0542416
226,0.912657
227,0.563567
228,0.109799
229,0.100081
230,0.0936695
231,0.909386
232,0.0713895
233,0.927063
234,0.0962367
235,0.882185
236,0.116829
237,0.104146
238,0.801372
239,0.704288
240,0.0490159
241,0.106212
242,0.964237
243,0.744994
244,0.882667
245,0.748047
246,0.977279
247,0.953148
248,0.974346
249,0.47108
250,0.968539
251,0.930279
252,0.0783741
253,0.080922
254,0.100572
255,0.971075
256,0.110105
257,0.97418
258,0.212737
259,0.410379
260,0.990339
261,0.103037
262,0.858728
263,0.940452
264,0.964662
265,0.275368
266,0.987276
267,0.574842
268,0.10959
269,0.920046
270,0.0996191
271,0.739061
272,0.089381
273,0.814827
274,0.870736
275,0.070231
276,0.960663
277,0.193282
278,0.982231
279,0.942483
280,0.0296321
281,0.751151
282,0.165385
283,0.0569617
284,0.296427
285,0.926863
286,0.942472
287,0.263014
288,0.0999495
289,0.0740992
290,0.0333634
291,0.0119856
292,0.982769
293,0.0694948
294,0.0912692
295,0.0784516
296,0.923857
297,0.930274
298,0.707308
299,0.973169
300,0.937116
301,0.0988247
302,0.981884
303,0.926146
304,0.276048
305,0.154986
306,0.0724782
307,0.910109
308,0.976681
309,0.333662
310,0.135412
311,0.910638
312,0.929029
313,0.960168
314,0.109753
315,0.0606958
316,0.513383
317,0.968784
318,0.955249
319,0.981554
320,0.105595
321,0.925943
322,0.55905
323,0.337218
324,0.782933
325,0.898983
326,0.945808
327,0.0961436
328,0.821839
329,0.935119
330,0.905289
331,0.930054
332,0.909652
333,0.0932099
334,0.0753509
335,0.106828
336,0.917253
337,0.881416
338,0.918758
339,0.383008
340,0.664853
341,0.996386
342,0.207183
343,0.116637
344,0.289294
345,0.990906
346,0.950431
347,0.918966
348,0.0951051
349,0.148091
350,0.889958
351,0.0786596
352,0.576598
353,0.561269
354,0.893705
355,0.939014
356,0.109265
357,0.720412
358,0.968277
359,0.858158
360,0.985361
361,0.251011
362,0.974122
363,0.0861439
364,0.258486
365,0.107372
366,0.960099
367,0.974755
368,0.0803045
369,0.17771
370,0.254335
371,0.885564
372,0.0719455
373,0.0965867
374,0.832893
375,0.285911
376,0.233628
377,0.997632
378,0.27457
379,0.0925443
380,0.0439873
381,0.941482
382,0.112698
383,0.110284
384,0.0721521
385,0.971794
386,0.0927848
387,0.973398
388,0.902231
389,0.772709
390,0.377377
391,0.897114
392,0.974401
393,0.893431
394,0.0546405
395,0.099044
396,0.982986
397,0.958529
398,0.735887
399,0.920895
400,0.986203
401,0.904018
402,0.907624
403,0.958829
404,0.134841
405,0.529064
406,0.882311
407,0.834613
408,0.276641
409,0.93885
410,0.956867
411,0.307257
412,0.819493
413,0.0250828
414,0.083203
415,0.341143
416,0.913724
417,0.586864
418,0.0399803
419,0.993879
420,0.568856
421,0.0919381
422,0.107855
423,0.890184
424,0.706666
425,0.146404
426,0.100698
427,0.0557465
428,0.937557
429,0.097701
430,0.960966
431,0.327682
432,0.924215
433,0.943792
434,0.96501
435,0.23107
436,0.844714
437,0.746971
438,0.511002
439,0.972519
440,0.0939352
441,0.0892998
442,0.975893
443,0.911899
444,0.94522
445,0.847151
446,0.110682
447,0.905871
448,0.982541
449,0.61257
450,0.886466
451,0.0678278
452,0.555078
453,0.923677
454,0.0921444
455,0.843384
456,0.821789
457,0.944203
458,0.94674
459,0.865959
460,0.738553
461,0.114468
462,0.0951621
463,0.0561245
464,0.860143
465,0.891645
466,0.91328
467,0.744919
468,0.11175
469,0.875181
470,0.99886
471,0.88678
472,0.780564
473,0.978496
474,0.0629074
475,0.114395
476,0.957736
477,0.0494854
478,0.102345
479,0.0888728
480,0.239683
481,0.097134
482,0.885482
483,0.0717588
484,0.960492
485,0.110381
486,0.890691
487,0.721036
488,0.114027
489,0.962774
490,0.881913
491,0.110414
492,0.180499
493,0.953529
494,0.961448
495,0.905721
496,0.218319
497,0.866102
498,0.0565684
499,0.846783
500,0.959319
501,0.90341
502,0.0864992
503,0.626779
504,0.0830009
505,0.997186
506,0.114274
507,0.119214
508,0.869327
509,0.882471
510,0.108956
511,0.870318
512,0.120337
513,0.289133
514,0.0896841
515,0.0459825
516,0.895813
517,0.965323
518,0.358503
519,0.969595
520,0.107371
521,0.74048
522,0.0868149
523,0.990673
524,0.990627
525,0.972946
526,0.901491
527,0.182234
528,0.939395
529,0.711786
530,0.0916131
531,0.913676
532,0.859262
533,0.881125
534,0.0945597
535,0.966361
536,0.838358
537,0.96197
538,0.0921838
539,0.97585
540,0.420056
541,0.0523211
542,0.40508
543,0.0700051
544,0.756441
545,0.0935968
546,0.914229
547,0.961484
548,0.264017
549,0.867771
550,0.152846
551,0.824185
552,0.0861334
553,0.094207
554,0.872994
555,0.400589
556,0.846089
557,0.550487
558,0.0971316
559,0.972504
560,0.961866
561,0.936793
562,0.969976
563,0.850951
564,0.279696
565,0.782833
566,0.92672
567,0.667692
568,0.949576
569,0.938636
570,0.109884
571,0.898175
572,0.85145
573,0.0540789
574,0.107231
575,0.10054
576,0.7729
577,0.965477
578,0.962453
579,0.795899
580,0.822955
581,0.0698245
582,0.781073
583,0.953646
584,0.47796
585,0.0844202
586,0.0891082
587,0.169327
588,0.937806
589,0.99778
590,0.80344
591,0.0706837
592,0.884656
593,0.734135
594,0.884484
595,0.0432374
596,0.144889
597,0.935185
598,0.837792
599,0.962354
600,0.856662
601,0.988876
602,0.989149
603,0.744315
604,0.115132
605,0.985681
606,0.89384
607,0.971427
608,0.0515471
609,0.794045
610,0.942043
611,0.924289
612,0.0862744
613,0.85549
614,0.976689
615,0.0869529
616,0.0392837
617,0.0866851
618,0.0515746
619,0.0534016
620,0.901257
621,0.106867
622,0.79936
623,0.373343
624,0.110368
625,0.109051
626,0.0689159
627,0.98415
628,0.869325
629,0.895977
630,0.0708292
631,0.98883
632,0.892886
633,0.744544
634,0.0699267
635,0.32409
636,0.896634
637,0.908234
638,0.0882359
639,0.0758946
640,0.944415
641,0.947738
642,0.805221
643,0.0890464
644,0.293781
645,0.951959
646,0.959431
647,0.0445931
648,0.0777882
649,0.0971399
650,0.816157
651,0.874738
652,0.178869
653,0.945067
654,0.0732422
655,0.865022
656,0.0638565
657,0.953275
658,0.954421
659,0.428142
660,0.863744
661,0.539212
662,0.916297
663,0.869432
664,0.127728
665,0.913807
666,0.824993
667,0.422569
668,0.0905771
669,0.685252
670,0.26707
671,0.885881
672,0.16778
673,0.868466
674,0.806087
675,0.974572
676,0.937916
677,0.952088
678,0.806844
679,0.929797
680,0.891021
681,0.0614863
682,0.117085
683,0.911716
684,0.992572
685,0.989437
686,0.629364
687,0.784086
688,0.962525
689,0.919619
690,0.929227
691,0.170784
692,0.565189
693,0.951812
694,0.0492966
695,0.934956
696,0.882656
697,0.604945
698,0.984205
699,0.95281
700,0.924328
701,0.0789209
702,0.821351
703,0.72579
704,0.732118
705,0.895954
706,0.0987163
707,0.050175
708,0.912215
709,0.424813
710,0.291869
711,0.0827404
712,0.0970897
713,0.105764
714,0.10039
715,0.933391
716,0.874067
717,0.884967
718,0.166441
719,0.930776
720,0.998169
721,0.699333
722,0.939906
723,0.102983
724,0.27006
725,0.925927
726,0.908074
727,0.978415
728,0.231429
729,0.306936
730,0.992536
731,0.957202
732,0.825848
733,0.681154
734,0.0882009
735,0.788924
736,0.838555
737,0.899398
738,0.221979
739,0.0611801
740,0.894536
741,0.383739
742,0.878648
743,0.131285
744,0.0388784
745,0.0925284
746,0.715615
747,0.996526
748,0.281779
749,0.109115
750,0.987372
751,0.104132
752,0.12818
753,0.298503
754,0.988213
755,0.894843
756,0.880736
757,0.840945
758,0.926597
759,0.978147
760,0.749753
761,0.948145
762,0.946296
763,0.100188
764,0.880446
765,0.0728561
766,0.827854
767,0.897963
768,0.717459
769,0.737276
770,0.582958
771,0.0972718
772,0.813231
773,0.0940164
774,0.785578
775,0.107677
776,0.907797
777,0.387201
778,0.121989
779,0.0528673
780,0.9428
781,0.0304868
782,0.0557623
783,0.728486
784,0.971697
785,0.959995
786,0.777406
787,0.110194
788,0.15142
789,0.061809
790,0.0824173
791,0.719427
792,0.0991046
793,0.913537
794,0.840062
795,0.0599785
796,0.0961861
797,0.867399
798,0.696186
799,0.879265
800,0.743355
801,0.116865
802,0.960379
803,0.822538
804,0.811065
805,0.901542
806,0.935654
807,0.617969
808,0.960788
809,0.887592
810,0.908477
811,0.944341
812,0.845642
813,0.668607
814,0.810884
815,0.858205
816,0.990703
817,0.360501
818,0.9015
819,0.236359
820,0.931196
821,0.398555
822,0.0788254
823,0.894829
824,0.100198
825,0.887736
826,0.967494
827,0.305242
828,0.98836
829,0.84863
830,0.667027
831,0.868085
832,0.909462
833,0.694018
834,0.124305
835,0.874918
836,0.985067
837,0.929701
838,0.0997915
839,0.956265
840,0.234151
841,0.895597
842,0.964596
843,0.925699
844,0.109902
845,0.739154
846,0.0813119
847,0.0721365
848,0.10254
849,0.846327
850,0.34939
851,0.994163
852,0.0964769
853,0.12553
854,0.12212
855,0.932197
856,0.985213
857,0.864416
858,0.135222
859,0.0799969
860,0.102046
861,0.844171
862,0.920008
863,0.919943
864,0.962809
865,0.718922
866,0.879523
867,0.303422
868,0.0980371
869,0.0839277
870,0.0505623
871,0.0834534
872,0.950871
873,0.908283
874,0.721335
875,0.0913851
876,0.26792
877,0.875917
878,0.930508
879,0.972029
880,0.755803
881,0.095373
882,0.959869
883,0.851417
884,0.752755
885,0.0793038
886,0.925614
887,0.074501
888,0.810202
889,0.700134
890,0.134692
891,0.278183
892,0.106368
893,0.0569785
894,0.100809
895,0.784856
896,0.923734
897,0.890714
898,0.908831
899,0.962128
900,0.673417
901,0.929665
902,0.912437
903,0.879864
904,0.125463
905,0.79736
906,0.981385
907,0.18547
908,0.92521
909,0.0756299
910,0.92635
911,0.941934
912,0.0776127
913,0.0644715
914,0.100951
915,0.22163
916,0.979429
917,0.0896847
918,0.291671
919,0.108196
920,0.0964848
921,0.0880036
922,0.929188
923,0.309615
924,0.434925
925,0.0541544
926,0.0391937
927,0.975871
928,0.696621
929,0.951819
930,0.905166
931,0.906608
932,0.595116
933,0.93291
934,0.760224
935,0.858275
936,0.844546
937,0.734363
938,0.956062
939,0.979147
940,0.964749
941,0.329496
942,0.937728
943,0.111266
944,0.907988
945,0.142369
946,0.869791
947,0.773711
948,0.970284
949,0.82663
950,0.120383
951,0.0384568
952,0.885336
953,0.106727
954,0.153497
955,0.817788
956,0.872168
957,0.134728
958,0.296447
959,0.960736
960,0.929832
961,0.894278
962,0.856699
963,0.887703
964,0.101835
965,0.100221
966,0.0901371
967,0.0940894
968,0.108261
969,0.45198
970,0.880017
971,0.100961
972,0.0868913
973,0.174784
974,0.842426
975,0.100797
976,0.155406
977,0.104834
978,0.853102
979,0.111087
980,0.0883298
981,0.661755
982,0.0915011
983,0.0722917
984,0.0947735
985,0.48548
986,0.0649233
987,0.960327
988,0.94974
989,0.859372
990,0.885806
991,0.739388
992,0.873122
993,0.920082
994,0.968141
995,0.0872197
996,0.828511
997,0.0989862
998,0.938517
999,0.864104
1000,0.891062
1001,0.110917
1002,0.26202
1003,0.128467
1004,0.0611572
1005,0.082348
1006,0.106733
1007,0.268154
1008,0.165504
1009,0.790781
1010,0.942161
1011,0.975998
1012,0.168773
1013,0.719386
1014,0.0797696
1015,0.954331
1016,0.0863532
1017,0.091261
1018,0.092309
1019,0.105978
1020,0.440247
1021,0.838935
1022,0.857316
1023,0.876684
1024,0.986991
1025,0.962826
1026,0.973486
1027,0.0704457
1028,0.107831
1029,0.90918
1030,0.522965
1031,0.0931128
1032,0.106937
1033,0.82768
1034,0.79445
1035,0.310017
1036,0.105342
1037,0.937051
1038,0.468564
1039,0.898784
1040,0.902333
1041,0.0692328
1042,0.892893
1043,0.249497
1044,0.948117
1045,0.963664
1046,0.291604
1047,0.80318
1048,0.838192
1049,0.0968242
1050,0.616623
1051,0.0838235
1052,0.876371
1053,0.965371
1054,0.103505
1055,0.159356
1056,0.674038
1057,0.935817
1058,0.0891431
1059,0.106207
1060,0.112023
1061,0.0860394
1062,0.786865
1063,0.789962
1064,0.984746
1065,0.102942
1066,0.640036
1067,0.105418
1068,0.675779
1069,0.911394
1070,0.0953903
1071,0.888147
1072,0.0900434
1073,0.965482
1074,0.799447
1075,0.728115
1076,0.965755
1077,0.0892019
1078,0.973098
1079,0.70386
1080,0.405867
1081,0.0691172
1082,0.864266
1083,0.865458
1084,0.813985
1085,0.108757
1086,0.0830661
1087,0.0756591
1088,0.0827542
1089,0.692692
1090,0.151882
1091,0.817131
1092,0.196533
1093,0.709716
1094,0.923069
1095,0.0931324
1096,0.912065
1097,0.923949
1098,0.924144
1099,0.005214
1100,0.13542
1101,0.120771
1102,0.202023
1103,0.0781234
1104,0.869728
1105,0.313607
1106,0.948958
1107,0.983357
1108,0.0966224
1109,0.806628
1110,0.430035
1111,0.821674
1112,0.788445
1113,0.428954
1114,0.205418
1115,0.8654
1116,0.952261
1117,0.314763
1118,0.108204
1119,0.866284
1120,0.254486
1121,0.068463
1122,0.0392145
1123,0.0878756
1124,0.0997028
1125,0.542771
1126,0.974083
1127,0.288984
1128,0.878952
1129,0.952864
1130,0.974006
1131,0.973698
1132,0.984972
1133,0.470724
1134,0.939813
1135,0.0937631
1136,0.877997
1137,0.107225
1138,0.970273
1139,0.0634463
1140,0.879649
1141,0.866607
1142,0.977304
1143,0.9166
1144,0.0789686
1145,0.8645
1146,0.413557
1147,0.89258
1148,0.94
1149,0.838186
1150,0.0980577
1151,0.193151
1152,0.645636
1153,0.937522
1154,0.930783
1155,0.962238
1156,0.956636
1157,0.936563
1158,0.0894202
1159,0.273489
1160,0.931553
1161,0.139657
1162,0.744651
1163,0.0759393
1164,0.988782
1165,0.811215
1166,0.0692339
1167,0.989392
1168,0.759144
1169,0.091787
1170,0.910291
1171,0.926756
1172,0.913138
1173,0.931699
1174,0.0753724
1175,0.111382
1176,0.841812
1177,0.00452859
1178,0.404952
1179,0.762902
1180,0.914863
1181,0.297642
1182,0.772931
1183,0.113385
1184,0.0467383
1185,0.686702
1186,0.0961561
1187,0.115376
1188,0.949765
1189,0.829809
1190,0.956917
1191,0.934869
1192,0.993851
1193,0.0744369
1194,0.57533
1195,0.713459
1196,0.757269
1197,0.125611
1198,0.0848933
1199,0.109969
1200,0.951077
1201,0.109127
1202,0.0959892
1203,0.384851
1204,0.123126
1205,0.756885
1206,0.924589
1207,0.794208
1208,0.976098
1209,0.145755
1210,0.0947673
1211,0.933208
1212,0.968463
1213,0.0511992
1214,0.102798
1215,0.97533
1216,0.96755
1217,0.109899
1218,0.928974
1219,0.926636
1220,0.599025
1221,0.110012
1222,0.113969
1223,0.057879
1224,0.904388
1225,0.105942
1226,0.746049
1227,0.997778
1228,0.992573
1229,0.368241
1230,0.875763
1231,0.0996731
1232,0.961064
1233,0.0946077
1234,0.0915985
1235,0.942388
1236,0.981728
1237,0.966224
1238,0.109267
1239,0.769692
1240,0.798877
1241,0.113233
1242,0.100472
1243,0.626657
1244,0.812681
1245,0.983082
1246,0.980902
1247,0.848768
1248,0.674444
1249,0.13441
1250,0.737755
1251,0.0995177
1252,0.820902
1253,0.110356
1254,0.442973
1255,0.0890954
1256,0.0554877
1257,0.825598
1258,0.0943028
1259,0.842867
1260,0.271368
1261,0.0663954
1262,0.701774
1263,0.982562
1264,0.864141
1265,0.110609
1266,0.952186
1267,0.884055
1268,0.861315
1269,0.967534
1270,0.939626
1271,0.0844499
1272,0.0426743
1273,0.866076
1274,0.858301
1275,0.977724
1276,0.902857
1277,0.928322
1278,0.112402
1279,0.893338
1280,0.900305
1281,0.315403
1282,0.996052
1283,0.812226
1284,0.884162
1285,0.0874884
1286,0.987731
1287,0.960097
1288,0.717918
1289,0.938
1290,0.947716
1291,0.114244
1292,0.979001
1293,0.853876
1294,0.264955
1295,0.979615
1296,0.959539
1297,0.0843922
1298,0.34882
1299,0.899049
1300,0.51102
1301,0.982986
1302,0.965886
1303,0.999833
1304,0.871719
1305,0.104646
1306,0.124562
1307,0.84398
1308,0.94148
1309,0.956949
1310,0.931219
1311,0.893744
1312,0.866194
1313,0.107457
1314,0.640268
1315,0.0627152
1316,0.0559125
1317,0.103306
1318,0.709166
1319,0.11027
1320,0.381494
1321,0.09472
1322,0.118466
1323,0.114708
1324,0.900435
1325,0.103541
1326,0.974508
1327,0.825959
1328,0.0955674
1329,0.381699
1330,0.767209
1331,0.871903
1332,0.285651
1333,0.908671
1334,0.484883
1335,0.113344
1336,0.805299
1337,0.560974
1338,0.369543
1339,0.81524
1340,0.934689
1341,0.716476
1342,0.110218
1343,0.851328
1344,0.111035
1345,0.291156
1346,0.0744485
1347,0.11421
1348,0.111243
1349,0.87901
1350,0.071964
1351,0.901912
1352,0.117087
1353,0.118879
1354,0.0539261
1355,0.112099
1356,0.302395
1357,0.150213
1358,0.0943811
1359,0.0877147
1360,0.748327
1361,0.0855438
1362,0.176743
1363,0.117183
1364,0.832913
1365,0.0719957
1366,0.0748356
1367,0.783123
1368,0.0977116
1369,0.917175
1370,0.0750888
1371,0.0563516
1372,0.940082
1373,0.902134
1374,0.101487
1375,0.0883807
1376,0.051808
1377,0.106399
1378,0.106318
1379,0.896158
1380,0.933978
1381,0.917747
1382,0.905389
1383,0.979269
1384,0.163738
1385,0.77879
1386,0.152883
1387,0.0852492
1388,0.109642
1389,0.109347
1390,0.936481
1391,0.286457
1392,0.0746314
1393,0.938943
1394,0.89459
1395,0.754355
1396,0.844795
1397,0.915966
1398,0.998872
1399,0.312526
1400,0.0992668
1401,0.708974
1402,0.924518
1403,0.0673199
1404,0.0655437
1405,0.102358
1406,0.816928
1407,0.913653
1408,0.093626
1409,0.0536173
1410,0.908705
1411,0.88891
1412,0.270282
1413,0.932787
1414,0.97194
1415,0.983681
1416,0.977335
1417,0.853503
1418,0.0467087
1419,0.862303
1420,0.176571
1421,0.0955995
1422,0.1043
1423,0.069508
1424,0.891307
1425,0.0366377
1426,0.0568327
1427,0.0970368
1428,0.933104
1429,0.104219
1430,0.100274
1431,0.813078
1432,0.381236
1433,0.110017
1434,0.975902
1435,0.851692
1436,0.988666
1437,0.996594
1438,0.962533
1439,0.966288
1440,0.0992193
1441,0.116395
1442,0.0887082
1443,0.0866308
1444,0.112173
1445,0.0554888
1446,0.596943
1447,0.964369
1448,0.801228
1449,0.327925
1450,0.954014
1451,0.107219
1452,0.9124
1453,0.944171
1454,0.0841952
1455,0.0829452
1456,0.0979822
1457,0.924806
1458,0.79615
1459,0.915442
1460,0.619952
1461,0.140335
1462,0.285928
1463,0.650209
1464,0.972372
1465,0.133877
1466,0.106773
1467,0.850534
1468,0.107402
1469,0.904946
1470,0.0966901
1471,0.0560339
1472,0.93588
1473,0.769116
1474,0.100571
1475,0.470671
1476,0.83212
1477,0.0843967
1478,0.097189
1479,0.0946643
1480,0.18673
1481,0.943689
1482,0.105374
1483,0.110952
1484,0.94841
1485,0.235519
1486,0.850081
1487,0.114609
1488,0.0902855
1489,0.866017
1490,0.779411
1491,0.123186
1492,0.878519
1493,0.107341
1494,0.975302
1495,0.835649
1496,0.0433876
1497,0.902971
1498,0.981169
1499,0.991913
1500,0.537539
1501,0.102608
1502,0.23009
1503,0.0920728
1504,0.937033
1505,0.0864708
1506,0.998259
1507,0.110318
1508,0.918032
1509,0.919272
1510,0.656487
1511,0.16469
1512,0.884447
1513,0.875024
1514,0.112461
1515,0.0889986
1516,0.654369
1517,0.858983
1518,0.0796449
1519,0.0865966
1520,0.975252
1521,0.768754
1522,0.899731
1523,0.10579
1524,0.835077
1525,0.971537
1526,0.113263
1527,0.216011
1528,0.898074
1529,0.685421
1530,0.954244
1531,0.884071
1532,0.0513563
1533,0.0982587
1534,0.958429
1535,0.050024
1536,0.888654
1537,0.92231
1538,0.0600827
1539,0.0964168
1540,0.918854
1541,0.212185
1542,0.0803876
1543,0.13086
1544,0.910998
1545,0.98793
1546,0.889699
1547,0.984856
1548,0.499109
1549,0.0510905
1550,0.0816591
1551,0.0718794
1552,0.0726939
1553,0.109954
1554,0.0992998
1555,0.0379283
1556,0.836297
1557,0.0785832
1558,0.129526
1559,0.949997
1560,0.228097
1561,0.894062
1562,0.859865
1563,0.819938
1564,0.804043
1565,0.818792
1566,0.0495587
1567,0.220598
1568,0.337638
1569,0.141196
1570,0.893949
1571,0.109823
1572,0.398723
1573,0.923948
1574,0.888765
1575,0.989926
1576,0.876326
1577,0.270075
1578,0.0975389
1579,0.151454
1580,0.951654
1581,0.0728646
1582,0.0758731
1583,0.90879
1584,0.811597
1585,0.678012
1586,0.957602
1587,0.968153
1588,0.930229
1589,0.710032
1590,0.88265
1591,0.104097
1592,0.84937
1593,0.681177
1594,0.0932117
1595,0.0455452
1596,0.061027
1597,0.955857
1598,0.982295
1599,0.093218
1600,0.359158
1601,0.1063
1602,0.744897
1603,0.8151
1604,0.860211
1605,0.1056
1606,0.968079
1607,0.868116
1608,0.803764
1609,0.990093
1610,0.813251
1611,0.829261
1612,0.967873
1613,0.106576
1614,0.983549
1615,0.968214
1616,0.444463
1617,0.167164
1618,0.916795
1619,0.871789
1620,0.897748
1621,0.936639
1622,0.777692
1623,0.0620173
1624,0.106268
1625,0.0580389
1626,0.0520057
1627,0.0969933
1628,0.980141
1629,0.953401
1630,0.522834
1631,0.318321
1632,0.10791
1633,0.644023
1634,0.0681717
1635,0.0923627
1636,0.0269163
1637,0.100116
1638,0.974329
1639,0.74692
1640,0.255882
1641,0.0985192
1642,0.947974
1643,0.934654
1644,0.913504
1645,0.0761584
1646,0.961158
1647,0.46518
1648,0.927797
1649,0.93112
1650,0.857035
1651,0.986634
1652,0.0739176
1653,0.880846
1654,0.791553
1655,0.979607
1656,0.25857
1657,0.954782
1658,0.0757399
1659,0.99528
1660,0.895638
1661,0.113451
1662,0.933722
1663,0.669433
1664,0.0868852
1665,0.104035
1666,0.282583
1667,0.811509
1668,0.984941
1669,0.906589
1670,0.1152
1671,0.967154
1672,0.908775
1673,0.242607
1674,0.109193
1675,0.163201
1676,0.0279459
1677,0.880902
1678,0.79414
1679,0.087612
1680,0.707921
1681,0.408649
1682,0.307135
1683,0.99728
1684,0.0429526
1685,0.146518
1686,0.0421568
1687,0.101044
1688,0.832667
1689,0.763609
1690,0.703647
1691,0.0879086
1692,0.312756
1693,0.852769
1694,0.262976
1695,0.200765
1696,0.968501
1697,0.984745
1698,0.0639964
1699,0.858322
1700,0.0567114
1701,0.102487
1702,0.821913
1703,0.246634
1704,0.042343
1705,0.126223
1706,0.315829
1707,0.96828
1708,0.262522
1709,0.123328
1710,0.110453
1711,0.0866581
1712,0.0821456
1713,0.825331
1714,0.072332
1715,0.151223
1716,0.983281
1717,0.0656061
1718,0.0953938
1719,0.105648
1720,0.554912
1721,0.1112
1722,0.821233
1723,0.899375
1724,0.0636634
1725,0.771476
1726,0.0702788
1727,0.934393
1728,0.794288
1729,0.901009
1730,0.984337
1731,0.0828578
1732,0.838125
1733,0.0531206
1734,0.101956
1735,0.763447
1736,0.107379
1737,0.881375
1738,0.942365
1739,0.949706
1740,0.105535
1741,0.178432
1742,0.0380949
1743,0.0620071
1744,0.999092
1745,0.364536
1746,0.97536
1747,0.79034
1748,0.140806
1749,0.110381
1750,0.979944
1751,0.0964013
1752,0.0568378
1753,0.921371
1754,0.888194
1755,0.908199
1756,0.110541
1757,0.949399
1758,0.639221
1759,0.645574
1760,0.749344
1761,0.251395
1762,0.938293
1763,0.982573
1764,0.910742
1765,0.101804
1766,0.938671
1767,0.221551
1768,0.915286
1769,0.273865
1770,0.101752
1771,0.879432
1772,0.848741
1773,0.944907
1774,0.127779
1775,0.0871598
1776,0.815273
1777,0.257038
1778,0.892696
1779,0.0642306
1780,0.0588758
1781,0.933503
1782,0.153738
1783,0.405245
1784,0.827313
1785,0.109807
1786,0.877046
1787,0.482814
1788,0.10142
1789,0.918651
1790,0.18674
1791,0.331303
1792,0.954917
1793,0.110737
1794,0.932686
1795,0.2967
1796,0.0924272
1797,0.102377
1798,0.0950767
1799,0.0894796
1800,0.960005
1801,0.0892482
1802,0.0694649
1803,0.857702
1804,0.0765401
1805,0.91468
1806,0.0987369
1807,0.766882
1808,0.889106
1809,0.181851
1810,0.108868
1811,0.055525
1812,0.100047
1813,0.949799
1814,0.0860282
1815,0.970435
1816,0.0651805
1817,0.936867
1818,0.106099
1819,0.30892
1820,0.689505
1821,0.679647
1822,0.937349
1823,0.928202
1824,0.188405
1825,0.97079
1826,0.969302
1827,0.871471
1828,0.103286
1829,0.0976522
1830,0.131331
1831,0.793278
1832,0.891663
1833,0.110087
1834,0.10002
1835,0.949655
1836,0.953831
1837,0.0715377
1838,0.118574
1839,0.830105
1840,0.80953
1841,0.844232
1842,0.179432
1843,0.863414
1844,0.945787
1845,0.903975
1846,0.928814
1847,0.982943
1848,0.0629329
1849,0.771506
1850,0.136793
1851,0.839838
1852,0.0686941
1853,0.898339
1854,0.985981
1855,0.777043
1856,0.260645
1857,0.810867
1858,0.281833
1859,0.104057
1860,0.226201
1861,0.0992496
1862,0.101413
1863,0.0685325
1864,0.055839
1865,0.0967093
1866,0.114616
1867,0.983051
1868,0.107716
1869,0.689932
1870,0.405489
1871,0.0822162
1872,0.108124
1873,0.925672
1874,0.0452663
1875,0.940138
1876,0.100083
1877,0.105854
1878,0.878837
1879,0.0930483
1880,0.292793
1881,0.728192
1882,0.855435
1883,0.1098
1884,0.882414
1885,0.093056
1886,0.0560073
1887,0.0786081
1888,0.0909239
1889,0.809555
1890,0.115905
1891,0.114144
1892,0.792665
1893,0.112435
1894,0.587356
1895,0.0972391
1896,0.879849
1897,0.913504
1898,0.110308
1899,0.463809
1900,0.846431
1901,0.0752956
1902,0.924549
1903,0.824732
1904,0.213789
1905,0.958306
1906,0.0907047
1907,0.315894
1908,0.157796
1909,0.107127
1910,0.865911
1911,0.0893355
1912,0.850504
1913,0.933013
1914,0.939639
1915,0.45088
1916,0.0810227
1917,0.115238
1918,0.108942
1919,0.114121
1920,0.073521
1921,0.949809
1922,0.0818393
1923,0.363037
1924,0.976106
1925,0.873373
1926,0.118248
1927,0.694021
1928,0.0335034
1929,0.333899
1930,0.041838
1931,0.104917
1932,0.817747
1933,0.148703
1934,0.642705
1935,0.913195
1936,0.908593
1937,0.192274
1938,0.116563
1939,0.944158
1940,0.09695
1941,0.940583
1942,0.815449
1943,0.189728
1944,0.800445
1945,0.105925
1946,0.694129
1947,0.0574808
1948,0.0602085
1949,0.0646067
1950,0.104939
1951,0.100782
1952,0.986313
1953,0.0999428
1954,0.739949
1955,0.901461
1956,0.821061
1957,0.919768
1958,0.371435
1959,0.948049
1960,0.10883
1961,0.0760239
1962,0.898035
1963,0.882438
1964,0.922806
1965,0.700041
1966,0.871769
1967,0.939557
1968,0.781144
1969,0.0571135
1970,0.112081
1971,0.108265
1972,0.0765524
1973,0.308682
1974,0.0879881
1975,0.981719
1976,0.120363
1977,0.050051
1978,0.113325
1979,0.082219
1980,0.86411
1981,0.244478
1982,0.786294
1983,0.296394
1984,0.102669
1985,0.750972
1986,0.0815044
1987,0.0722872
1988,0.0863727
1989,0.197955
1990,0.733115
1991,0.0620993
1992,0.095781
1993,0.912792
1994,0.814434
1995,0.47108
1996,0.0444253
1997,0.852362
1998,0.973446
1999,0.339094
2000,0.795087
2001,0.828121
2002,0.107496
2003,0.109698
2004,0.192311
2005,0.326554
2006,0.309932
2007,0.236885
2008,0.162505
2009,0.960861
2010,0.744479
2011,0.757745
2012,0.750986
2013,0.805147
2014,0.427771
2015,0.0939112
2016,0.87447
2017,0.89794
2018,0.932577
2019,0.919453
2020,0.978981
2021,0.976839
2022,0.298031
2023,0.0727826
2024,0.0834463
2025,0.0657541
2026,0.397417
2027,0.679772
2028,0.110263
2029,0.839656
2030,0.0647159
2031,0.903646
2032,0.26528
2033,0.0846144
2034,0.0988495
2035,0.929952
2036,0.981096
2037,0.326795
2038,0.0857087
2039,0.110646
2040,0.754477
2041,0.752061
2042,0.332716
2043,0.111071
2044,0.909853
2045,0.691003
2046,0.921348
2047,0.616659
2048,0.322627
2049,0.967299
2050,0.0360032
2051,0.615067
2052,0.936041
2053,0.943132
2054,0.290133
2055,0.87437
2056,0.0360806
2057,0.0997156
2058,0.110653
2059,0.110458
2060,0.853325
2061,0.544711
2062,0.930711
2063,0.871202
2064,0.809774
2065,0.266622
2066,0.899245
2067,0.0728586
2068,0.682408
2069,0.226596
2070,0.968269
2071,0.10799
2072,0.0742687
2073,0.298118
2074,0.110609
2075,0.714589
2076,0.128557
2077,0.101043
2078,0.0498011
2079,0.658546
2080,0.653488
2081,0.903608
2082,0.177322
2083,0.844262
2084,0.966976
2085,0.918557
2086,0.966916
2087,0.257462
2088,0.864036
2089,0.0778946
2090,0.0345326
2091,0.790343
2092,0.891555
2093,0.236755
2094,0.724037
2095,0.0726814
2096,0.857115
2097,0.876671
2098,0.111107
2099,0.673586
2100,0.195167
2101,0.0799424
2102,0.123644
2103,0.102601
2104,0.110752
2105,0.885632
2106,0.0832722
2107,0.790774
2108,0.0998239
2109,0.0929023
2110,0.937435
2111,0.0882844
2112,0.0555269
2113,0.0804003
2114,0.16682
2115,0.222183
2116,0.742629
2117,0.824945
2118,0.0612345
2119,0.343022
2120,0.737368
2121,0.886704
2122,0.345789
2123,0.922001
2124,0.831171
2125,0.0937023
2126,0.995006
2127,0.1818
2128,0.103362
2129,0.818735
2130,0.0465797
2131,0.125321
2132,0.184188
2133,0.0853247
2134,0.902371
2135,0.942181
2136,0.676522
2137,0.0693734
2138,0.11153
2139,0.086328
2140,0.977237
2141,0.111948
2142,0.072987
2143,0.947017
2144,0.929884
2145,0.10943
2146,0.085727
2147,0.079139
2148,0.0886717
2149,0.937002
2150,0.191391
2151,0.940888
2152,0.917848
2153,0.104623
2154,0.852638
2155,0.890106
2156,0.11063
2157,0.997058
2158,0.726139
2159,0.0956795
2160,0.86292
2161,0.106486
2162,0.912386
2163,0.83908
2164,0.0768197
2165,0.102285
2166,0.0989002
2167,0.0872454
2168,0.879128
2169,0.943103
2170,0.329486
2171,0.10617
2172,0.851808
2173,0.100542
2174,0.104397
2175,0.987593
2176,0.763824
2177,0.868502
2178,0.107851
2179,0.0839655
2180,0.994029
2181,0.866324
2182,0.923621
2183,0.111696
2184,0.523608
2185,0.879575
2186,0.112383
2187,0.797828
2188,0.304581
2189,0.905721
2190,0.056013
2191,0.944105
2192,0.919222
2193,0.0899901
2194,0.10001
2195,0.100464
2196,0.109844
2197,0.956172
2198,0.828428
2199,0.9122
2200,0.864699
2201,0.958891
2202,0.0480713
2203,0.108328
2204,0.721447
2205,0.747494
2206,0.165114
2207,0.0579368
2208,0.103471
2209,0.104811
2210,0.978151
2211,0.911275
2212,0.851626
2213,0.288395
2214,0.955325
2215,0.182542
2216,0.89017
2217,0.269514
2218,0.891444
2219,0.110571
2220,0.0914635
2221,0.883918
2222,0.118752
2223,0.0812672
2224,0.935541
2225,0.694831
2226,0.256854
2227,0.684217
2228,0.0462433
2229,0.81062
2230,0.515276
2231,0.0687457
2232,0.104448
2233,0.0963882
2234,0.846978
2235,0.040648
2236,0.361432
2237,0.87184
2238,0.0796126
2239,0.0849942
2240,0.0695747
2241,0.917704
2242,0.167758
2243,0.942922
2244,0.96395
2245,0.10446
2246,0.0885726
2247,0.458244
2248,0.910851
2249,0.261895
2250,0.0776975
2251,0.718554
2252,0.964862
2253,0.0955908
2254,0.209891
2255,0.390222
2256,0.112676
2257,0.115615
2258,0.101667
2259,0.1078
2260,0.120326
2261,0.897877
2262,0.717355
2263,0.919433
2264,0.0978643
2265,0.204688
2266,0.10612
2267,0.427353
2268,0.764264
2269,0.0677414
2270,0.0857539
2271,0.871943
2272,0.751266
2273,0.946583
2274,0.0642337
2275,0.109606
2276,0.951167
2277,0.100995
2278,0.0652857
2279,0.912023
2280,0.917377
2281,0.877885
2282,0.574453
2283,0.932572
2284,0.103452
2285,0.981138
2286,0.8012
2287,0.950432
2288,0.0931051
2289,0.845139
2290,0.925543
2291,0.213798
2292,0.308879
2293,0.92013
2294,0.52515
2295,0.95037
2296,0.124765
2297,0.054291
2298,0.0133868
2299,0.815631
2300,0.103467
2301,0.0920788
2302,0.257174
2303,0.98945
2304,0.103668
2305,0.680564
2306,0.0848035
2307,0.944063
2308,0.233922
2309,0.0864471
2310,0.948854
2311,0.766181
2312,0.928961
2313,0.0798103
2314,0.963491
2315,0.50486
2316,0.0996268
2317,0.108601
2318,0.803852
2319,0.867025
2320,0.87462
2321,0.67817
2322,0.0915446
2323,0.0843902
2324,0.104518
2325,0.457551
2326,0.109672
2327,0.0888368
2328,0.0959521
2329,0.959603
2330,0.0971517
2331,0.912561
2332,0.829855
2333,0.113222
2334,0.950293
2335,0.807827
2336,0.95477
2337,0.1507
2338,0.370642
2339,0.0980645
2340,0.996909
2341,0.894112
2342,0.177416
2343,0.0452685
2344,0.146746
2345,0.24024
2346,0.962815
2347,0.0880174
2348,0.2259
2349,0.110184
2350,0.885308
2351,0.942389
2352,0.860099
2353,0.111319
2354,0.977388
2355,0.943146
2356,0.709694
2357,0.706786
2358,0.88728
2359,0.995413
2360,0.420733
2361,0.850514
2362,0.677956
2363,0.867252
2364,0.864987
2365,0.965015
2366,0.844319
2367,0.958894
2368,0.133195
2369,0.913329
2370,0.087235
2371,0.116661
2372,0.756723
2373,0.110547
2374,0.86093
2375,0.113407
2376,0.0832448
2377,0.107252
2378,0.108592
2379,0.816254
2380,0.0872477
2381,0.0720171
2382,0.351781
2383,0.098307
2384,0.131538
2385,0.261194
2386,0.373868
2387,0.964207
2388,0.0917344
2389,0.973138
2390,0.804083
2391,0.408342
2392,0.894068
2393,0.968528
2394,0.914941
2395,0.15539
2396,0.332103
2397,0.109094
2398,0.108986
2399,0.952103
2400,0.0559426
2401,0.969603
2402,0.097409
2403,0.969877
2404,0.111141
2405,0.982822
2406,0.421952
2407,0.872704
2408,0.133338
2409,0.220234
2410,0.0766999
2411,0.946401
2412,0.0362474
2413,0.43666
2414,0.0514864
2415,0.797053
2416,0.0723985
2417,0.95144
2418,0.180782
2419,0.0999667
2420,0.774282
2421,0.100402
2422,0.10249
2423,0.823065
2424,0.874643
2425,0.826276
2426,0.971228
2427,0.987096
2428,0.321644
2429,0.978998
2430,0.0978076
2431,0.11064
2432,0.980578
2433,0.0777521
2434,0.562615
2435,0.0856461
2436,0.113931
2437,0.958088
2438,0.0776655
2439,0.292069
2440,0.783496
2441,0.248687
2442,0.901668
2443,0.107912
2444,0.0586374
2445,0.967053
2446,0.896718
2447,0.894817
2448,0.919468
2449,0.978269
2450,0.923819
2451,0.769457
2452,0.0827376
2453,0.842458
2454,0.842536
2455,0.734447
2456,0.252661
2457,0.110217
2458,0.100537
2459,0.982077
2460,0.0523226
2461,0.0680268
2462,0.0958507
2463,0.257487
2464,0.985958
2465,0.147431
2466,0.056848
2467,0.0971026
2468,0.843516
2469,0.112488
2470,0.961667
2471,0.948259
2472,0.888804
2473,0.852408
2474,0.932472
2475,0.854108
2476,0.0744725
2477,0.10099
2478,0.0626891
2479,0.114121
2480,0.85297
2481,0.10193
2482,0.0672146
2483,0.0668841
2484,0.913981
2485,0.0984695
2486,0.884045
2487,0.0975695
2488,0.778415
2489,0.882257
2490,0.100681
2491,0.0116975
2492,0.621238
2493,0.942995
2494,0.112303
2495,0.913472
2496,0.917657
2497,0.451564
2498,0.0322898
2499,0.975863
2500,0.87706
2501,0.327022
2502,0.150095
2503,0.939215
2504,0.128852
2505,0.103816
2506,0.0735963
2507,0.0844433
2508,0.111347
2509,0.149789
2510,0.105194
2511,0.916689
2512,0.867189
2513,0.0958949
2514,0.0973289
2515,0.965672
2516,0.953265
2517,0.813546
2518,0.073483
2519,0.955883
2520,0.107711
2521,0.0851032
2522,0.0971442
2523,0.886249
2524,0.94522
2525,0.106773
2526,0.0953813
2527,0.0975684
2528,0.900064
2529,0.100635
2530,0.0867943
2531,0.868993
2532,0.0703837
2533,0.0994536
2534,0.0571766
2535,0.0972052
2536,0.75429
2537,0.0790389
2538,0.76801
2539,0.26474
2540,0.0801472
2541,0.869174
2542,0.985924
2543,0.622945
2544,0.976058
2545,0.602382
2546,0.0939034
2547,0.0732652
2548,0.107693
2549,0.195847
2550,0.109269
2551,0.0957479
2552,0.0884578
2553,0.98039
2554,0.948532
2555,0.794855
2556,0.563066
2557,0.0466728
2558,0.0983846
2559,0.100914
2560,0.146126
2561,0.829232
2562,0.171062
2563,0.980248
2564,0.894489
2565,0.357254
2566,0.961254
2567,0.113665
2568,0.518921
2569,0.947503
2570,0.0843231
2571,0.935021
2572,0.28951
2573,0.867221
2574,0.850176
2575,0.0811771
2576,0.116773
2577,0.97312
2578,0.905872
2579,0.201134
2580,0.881802
2581,0.316916
2582,0.343281
2583,0.12639
2584,0.906987
2585,0.0846154
2586,0.0994381
2587,0.0875202
2588,0.124986
2589,0.921601
2590,0.0894614
2591,0.904057
2592,0.76594
2593,0.862576
2594,0.101772
2595,0.314874
2596,0.619792
2597,0.485588
2598,0.964818
2599,0.071513
2600,0.858412
2601,0.114121
2602,0.0766963
2603,0.100415
2604,0.502648
2605,0.0978093
2606,0.114121
2607,0.957819
2608,0.309449
2609,0.0835271
2610,0.10221
2611,0.108175
2612,0.696762
2613,0.103841
2614,0.973857
2615,0.949041
2616,0.126496
2617,0.880884
2618,0.803716
2619,0.878423
2620,0.799447
2621,0.0711415
2622,0.113013
2623,0.9588
2624,0.904321
2625,0.104796
2626,0.985999
2627,0.12801
2628,0.99875
2629,0.229154
2630,0.0895867
2631,0.0554879
2632,0.231671
2633,0.269904
2634,0.0938793
2635,0.0553353
2636,0.977668
2637,0.0347393
2638,0.753892
2639,0.104393
2640,0.932728
2641,0.108167
2642,0.0529592
2643,0.423403
2644,0.105412
2645,0.089734
2646,0.109385
2647,0.150795
2648,0.098623
2649,0.100911
2650,0.863372
2651,0.777758
2652,0.0773066
2653,0.221224
2654,0.102828
2655,0.80019
2656,0.954839
2657,0.0935947
2658,0.0649789
2659,0.0850332
2660,0.980233
2661,0.847177
2662,0.0971599
2663,0.895351
2664,0.844715
2665,0.0869594
2666,0.301473
2667,0.110321
2668,0.36115
2669,0.273432
2670,0.0916314
2671,0.572781
2672,0.109871
2673,0.970196
2674,0.107623
2675,0.244
2676,0.87053
2677,0.820479
2678,0.0928717
2679,0.126272
2680,0.973252
2681,0.956019
2682,0.0840173
2683,0.108952
2684,0.794301
2685,0.994648
2686,0.506456
2687,0.10271
2688,0.234168
2689,0.321349
2690,0.766147
2691,0.963619
2692,0.785836
2693,0.109535
2694,0.0984264
2695,0.925389
2696,0.183526
2697,0.0772231
2698,0.0996335
2699,0.714677
2700,0.0807778
2701,0.0510453
2702,0.070385
2703,0.113326
2704,0.836776
2705,0.0673044
2706,0.0621589
2707,0.950318
2708,0.805158
2709,0.0969789
2710,0.928141
2711,0.0979654
2712,0.105016
2713,0.902589
2714,0.902938
2715,0.995012
2716,0.115137
2717,0.114004
2718,0.984453
2719,0.0477048
2720,0.888107
2721,0.896526
2722,0.107876
2723,0.881347
2724,0.100175
2725,0.148141
2726,0.881186
2727,0.0478226
2728,0.859223
2729,0.849661
2730,0.103847
2731,0.717228
2732,0.403203
2733,0.110813
2734,0.923237
2735,0.842224
2736,0.109859
2737,0.0692428
2738,0.211617
2739,0.692618
2740,0.07961
2741,0.0888472
2742,0.0934369
2743,0.10596
2744,0.825603
2745,0.847669
2746,0.201846
2747,0.951505
2748,0.0660213
2749,0.111271
2750,0.0496361
2751,0.708876
2752,0.0904421
2753,0.851968
2754,0.417382
2755,0.101164
2756,0.443952
2757,0.190605
2758,0.0404357
2759,0.974243
2760,0.714655
2761,0.114442
2762,0.245021
2763,0.978619
2764,0.955996
2765,0.11231
2766,0.916979
2767,0.91482
2768,0.103155
2769,0.817499
2770,0.0316968
2771,0.742658
2772,0.708079
2773,0.859207
2774,0.0573485
2775,0.740199
2776,0.709094
2777,0.860822
2778,0.90054
2779,0.0866658
2780,0.838223
2781,0.034672
2782,0.891058
2783,0.105626
2784,0.767809
2785,0.109525
2786,0.108076
2787,0.0679277
2788,0.104557
2789,0.105621
2790,0.0779584
2791,0.100375
2792,0.976483
2793,0.109881
2794,0.128341
2795,0.791349
2796,0.0393255
2797,0.100727
2798,0.858491
2799,0.110059
2800,0.536592
2801,0.907926
2802,0.872499
2803,0.906837
2804,0.0893914
2805,0.0887192
2806,0.0972337
2807,0.936652
2808,0.0942642
2809,0.945794
2810,0.987699
2811,0.697977
2812,0.926936
2813,0.944719
2814,0.99189
2815,0.719359
2816,0.112595
2817,0.874333
2818,0.0952666
2819,0.266061
2820,0.106536
2821,0.839416
2822,0.992592
2823,0.113534
2824,0.92238
2825,0.372166
2826,0.985471
2827,0.0788223
2828,0.926875
2829,0.0772966
2830,0.803967
2831,0.100281
2832,0.979317
2833,0.0741333
2834,0.711224
2835,0.129669
2836,0.954176
2837,0.0706838
2838,0.109758
2839,0.964017
2840,0.108044
2841,0.923782
2842,0.96502
2843,0.0658078
2844,0.838412
2845,0.094544
2846,0.180133
2847,0.516527
2848,0.109415
2849,0.724818
2850,0.713925
2851,0.817849
2852,0.770359
2853,0.753217
2854,0.966447
2855,0.061726
2856,0.0985168
2857,0.883879
2858,0.106267
2859,0.229111
2860,0.0962895
2861,0.888837
2862,0.569112
2863,0.115505
2864,0.862077
2865,0.0561561
2866,0.982826
2867,0.101042
2868,0.101193
2869,0.114959
2870,0.0854501
2871,0.0939435
2872,0.882515
2873,0.0952446
2874,0.115429
2875,0.64717
2876,0.957599
2877,0.852542
2878,0.311747
2879,0.918075
2880,0.10412
2881,0.704961
2882,0.877674
2883,0.100475
2884,0.0634504
2885,0.851316
2886,0.0995003
2887,0.682317
2888,0.884734
2889,0.983433
2890,0.935212
2891,0.0813031
2892,0.120341
2893,0.314814
2894,0.0678954
2895,0.26218
2896,0.934526
2897,0.155395
2898,0.131444
2899,0.0911576
2900,0.958552
2901,0.899311
2902,0.0376396
2903,0.0389146
2904,0.0678524
2905,0.683698
2906,0.946876
2907,0.92741
2908,0.0894807
2909,0.0753854
2910,0.857831
2911,0.644767
2912,0.0755085
2913,0.902145
2914,0.946841
2915,0.245222
2916,0.996084
2917,0.105593
2918,0.232168
2919,0.950632
2920,0.107161
2921,0.0878643
2922,0.0714541
2923,0.72602
2924,0.111428
2925,0.102426
2926,0.958056
2927,0.13586
2928,0.0314483
2929,0.887854
2930,0.942493
2931,0.289268
2932,0.913177
2933,0.0844539
2934,0.986089
2935,0.142251
2936,0.0942006
2937,0.128033
2938,0.12693
2939,0.996712
2940,0.124444
2941,0.324771
2942,0.104062
2943,0.105334
2944,0.23967
2945,0.871846
2946,0.105604
2947,0.955472
2948,0.791882
2949,0.934356
2950,0.100362
2951,0.124933
2952,0.217959
2953,0.109196
2954,0.0863931
2955,0.11214
2956,0.103728
2957,0.924439
2958,0.701838
2959,0.893489
2960,0.970708
2961,0.101953
2962,0.847476
2963,0.794527
2964,0.117131
2965,0.962577
2966,0.166374
2967,0.603119
2968,0.782396
2969,0.103608
2970,0.0845159
2971,0.0293397
2972,0.783895
2973,0.0922818
2974,0.336204
2975,0.0995295
2976,0.103412
2977,0.0768627
2978,0.0887832
2979,0.0849575
2980,0.854502
2981,0.0762748
2982,0.0617128
2983,0.784294
2984,0.100095
2985,0.28163
2986,0.899467
2987,0.0783012
2988,0.0544336
2989,0.0588422
2990,0.792001
2991,0.107922
2992,0.097136
2993,0.0718117
2994,0.980618
2995,0.104463
2996,0.113723
2997,0.084591
2998,0.0998841
2999,0.114121
3000,0.111917
3001,0.104636
3002,0.0797507
3003,0.827781
3004,0.0426536
3005,0.749147
3006,0.386697
3007,0.114121
3008,0.0790354
3009,0.105958
3010,0.092638
3011,0.0551442
3012,0.340966
3013,0.107983
3014,0.326903
3015,0.0919612
3016,0.123091
3017,0.681647
3018,0.888234
3019,0.16723
3020,0.115895
3021,0.988588
3022,0.138688
3023,0.108155
3024,0.0985479
3025,0.0566504
3026,0.100165
3027,0.0814393
3028,0.0916961
3029,0.103283
3030,0.058725
3031,0.884028
3032,0.106854
3033,0.120711
3034,0.881854
3035,0.914916
3036,0.912268
3037,0.875882
3038,0.941751
3039,0.0920534
3040,0.103488
3041,0.652988
3042,0.848157
3043,0.0696533
3044,0.158535
3045,0.0725953
3046,0.918123
3047,0.481803
3048,0.0998905
3049,0.609831
3050,0.936144
3051,0.878056
3052,0.0676957
3053,0.0759234
3054,0.107318
3055,0.71286
3056,0.0836166
3057,0.0374162
3058,0.109242
3059,0.929398
3060,0.87104
3061,0.888228
3062,0.100342
3063,0.338409
3064,0.893035
3065,0.986866
3066,0.223897
3067,0.353282
3068,0.789831
3069,0.0803121
3070,0.307665
3071,0.944657
3072,0.277183
3073,0.989388
3074,0.0708471
3075,0.100654
3076,0.10985
3077,0.0932118
3078,0.979451
3079,0.0488572
3080,0.918965
3081,0.201832
3082,0.911322
3083,0.694385
3084,0.949488
3085,0.940433
3086,0.78531
3087,0.850667
3088,0.265999
3089,0.0495564
3090,0.0764091
3091,0.973976
3092,0.818985
3093,0.838359
3094,0.0681603
3095,0.0921198
3096,0.0612673
3097,0.115834
3098,0.0784388
3099,0.888406
3100,0.113521
3101,0.921509
3102,0.815769
3103,0.192233
3104,0.076012
3105,0.715536
3106,0.98744
3107,0.818035
3108,0.914051
3109,0.297575
3110,0.984077
3111,0.880809
3112,0.114352
3113,0.921698
3114,0.936131
3115,0.30165
3116,0.886313
3117,0.0421279
3118,0.433401
3119,0.382177
3120,0.105556
3121,0.0903936
3122,0.0852383
3123,0.855621
3124,0.951244
3125,0.981919
3126,0.110893
3127,0.0815692
3128,0.111614
3129,0.0967468
3130,0.72264
3131,0.959881
3132,0.674391
3133,0.0844811
3134,0.0832287
3135,0.23644
3136,0.799475
3137,0.124314
3138,0.10078
3139,0.110373
3140,0.231074
3141,0.110757
3142,0.159884
3143,0.808212
3144,0.994563
3145,0.0839459
3146,0.0637086
3147,0.0509026
3148,0.0747604
3149,0.944217
3150,0.113937
3151,0.718217
3152,0.0880091
3153,0.0944048
3154,0.860567
3155,0.0470407
3156,0.198896
3157,0.0726221
3158,0.0890324
3159,0.150155
3160,0.122695
3161,0.158688
3162,0.0257992
3163,0.0695861
3164,0.11078
3165,0.793688
3166,0.106758
3167,0.120871
3168,0.148666
3169,0.1027
3170,0.0596624
3171,0.221906
3172,0.975596
3173,0.102782
3174,0.110166
3175,0.139348
3176,0.832217
3177,0.109582
3178,0.222937
3179,0.08188
3180,0.916548
3181,0.103866
3182,0.139448
3183,0.0812326
3184,0.115953
3185,0.0798884
3186,0.105355
3187,0.421699
3188,0.104582
3189,0.0623933
3190,0.758293
3191,0.0991319
3192,0.353645
3193,0.0874553
3194,0.942053
3195,0.985724
3196,0.235577
3197,0.463035
3198,0.0858088
3199,0.0845189
3200,0.101618
3201,0.0738544
3202,0.818137
3203,0.921261
3204,0.361544
3205,0.0831757
3206,0.813517
3207,0.794424
3208,0.101593
3209,0.767292
3210,0.902152
3211,0.364756
3212,0.0670833
3213,0.441716
3214,0.603611
3215,0.114008
3216,0.110826
3217,0.246171
3218,0.866837
3219,0.940326
3220,0.889019
3221,0.0454003
3222,0.105138
3223,0.0983265
3224,0.929742
3225,0.707283
3226,0.892013
3227,0.0976879
3228,0.880661
3229,0.186916
3230,0.113614
3231,0.940702
3232,0.989594
3233,0.101455
3234,0.0706523
3235,0.0968352
3236,0.368697
3237,0.113928
3238,0.119584
3239,0.557295
3240,0.951212
3241,0.0943355
3242,0.869059
3243,0.883787
3244,0.0810807
3245,0.336729
3246,0.0987849
3247,0.156692
3248,0.812156
3249,0.268581
3250,0.100702
3251,0.969464
3252,0.0956693
3253,0.0536786
3254,0.870129
3255,0.901932
3256,0.0977714
3257,0.0911796
3258,0.13437
3259,0.999618
3260,0.892848
3261,0.108117
3262,0.14515
3263,0.874493
3264,0.961591
3265,0.226537
3266,0.949798
3267,0.151248
3268,0.87199
3269,0.830577
3270,0.273107
3271,0.109934
3272,0.108169
3273,0.0997633
3274,0.269909
3275,0.0840824
3276,0.661418
3277,0.0946547
3278,0.103252
3279,0.119035
3280,0.108974
3281,0.930439
3282,0.806753
3283,0.901812
3284,0.0748997
3285,0.94161
3286,0.774586
3287,0.751198
3288,0.0966082
3289,0.0771674
3290,0.986972
3291,0.851812
3292,0.110232
3293,0.109998
3294,0.531998
3295,0.12984
3296,0.885181
3297,0.103269
3298,0.75234
3299,0.111431
3300,0.268107
3301,0.782856
3302,0.906135
3303,0.977933
3304,0.113998
3305,0.983965
3306,0.993832
3307,0.760755
3308,0.978581
3309,0.908032
3310,0.0941613
3311,0.0951297
3312,0.0684945
3313,0.0995421
3314,0.147078
3315,0.77702
3316,0.356553
3317,0.110528
3318,0.0704294
3319,0.0996375
3320,0.100268
3321,0.910223
3322,0.109729
3323,0.0456153
3324,0.101189
3325,0.0652551
3326,0.945626
3327,0.929723
3328,0.112145
3329,0.114121
3330,0.101021
3331,0.859536
3332,0.097323
3333,0.08719
3334,0.869432
3335,0.11566
3336,0.908795
3337,0.347449
3338,0.824025
3339,0.0980305
3340,0.881564
3341,0.786514
3342,0.486107
3343,0.882215
3344,0.0872579
3345,0.109318
3346,0.749912
3347,0.657855
3348,0.92059
3349,0.388642
3350,0.992038
3351,0.100568
3352,0.108575
3353,0.102019
3354,0.899243
3355,0.13526
3356,0.0943629
3357,0.113968
3358,0.109182
3359,0.102576
3360,0.692678
3361,0.101966
3362,0.102421
3363,0.0659849
3364,0.0916846
3365,0.9536
3366,0.166295
3367,0.398714
3368,0.88924
3369,0.93352
3370,0.884005
3371,0.907865
3372,0.101308
3373,0.73984
3374,0.867255
3375,0.561395
3376,0.104928
3377,0.112109
3378,0.0645493
3379,0.547579
3380,0.0963892
3381,0.950849
3382,0.146782
3383,0.555873
3384,0.862713
3385,0.950192
3386,0.0588496
3387,0.0891308
3388,0.810712
3389,0.83763
3390,0.0968091
3391,0.785654
3392,0.687049
3393,0.523168
3394,0.961453
3395,0.959912
3396,0.0957645
3397,0.904424
3398,0.129444
3399,0.891427
3400,0.884269
3401,0.911553
3402,0.931283
3403,0.928218
3404,0.114104
3405,0.806901
3406,0.0822892
3407,0.265314
3408,0.929246
3409,0.101237
3410,0.0677993
3411,0.837775
3412,0.961822
3413,0.865914
3414,0.102765
3415,0.747675
3416,0.453333
3417,0.498064
3418,0.771623
3419,0.107574
3420,0.943071
3421,0.109561
3422,0.0960567
3423,0.958035
3424,0.0622277
3425,0.141591
3426,0.397802
3427,0.0818261
3428,0.0733679
3429,0.108395
3430,0.0610869
3431,0.791498
3432,0.132716
3433,0.114121
3434,0.0708892
3435,0.968885
3436,0.112816
3437,0.0961696
3438,0.105354
3439,0.0903389
3440,0.714254
3441,0.0847407
3442,0.109822
3443,0.0921829
3444,0.109876
3445,0.0908327
3446,0.296577
3447,0.0462243
3448,0.0913167
3449,0.114121
3450,0.96813
3451,0.996856
3452,0.191976
3453,0.913203
3454,0.10872
3455,0.993304
3456,0.110336
3457,0.985102
3458,0.87909
3459,0.758595
3460,0.137257
3461,0.975094
3462,0.114121
3463,0.658386
3464,0.355131
3465,0.160594
3466,0.973209
3467,0.0820671
3468,0.956669
3469,0.74201
3470,0.113463
3471,0.113295
3472,0.109796
3473,0.108164
3474,0.108801
3475,0.0886802
3476,0.912286
3477,0.976133
3478,0.0791538
3479,0.979468
3480,0.966692
3481,0.0878912
3482,0.979819
3483,0.10186
3484,0.0909556
3485,0.0728876
3486,0.12852
3487,0.133945
3488,0.278938
3489,0.379815
3490,0.0763889
3491,0.0944354
3492,0.0901582
3493,0.735336
3494,0.0880793
3495,0.976557
3496,0.657769
3497,0.727379
3498,0.102526
3499,0.0956401
3500,0.0986115
3501,0.890674
3502,0.0664391
3503,0.827645
3504,0.810054
3505,0.598589
3506,0.987332
3507,0.11108
3508,0.0400242
3509,0.876688
3510,0.919136
3511,0.110143
3512,0.0772299
3513,0.115111
3514,0.0819307
3515,0.084347
3516,0.922647
3517,0.909434
3518,0.27306
3519,0.101593
3520,0.110846
3521,0.710894
3522,0.0954281
3523,0.215607
3524,0.123037
3525,0.909267
3526,0.857827
3527,0.113358
3528,0.764715
3529,0.106309
3530,0.223595
3531,0.0815309
3532,0.102616
3533,0.0610604
3534,0.0885899
3535,0.839114
3536,0.100727
3537,0.0999817
3538,0.112483
3539,0.905405
3540,0.101343
3541,0.102619
3542,0.104325
3543,0.0976709
3544,0.0530089
3545,0.10255
3546,0.236471
3547,0.0923665
3548,0.0334537
3549,0.72551
3550,0.725982
3551,0.196493
3552,0.605803
3553,0.1066
3554,0.0497945
3555,0.21844
3556,0.956716
3557,0.109813
3558,0.956357
3559,0.75838
3560,0.888824
3561,0.927612
3562,0.108044
3563,0.648271
3564,0.842942
3565,0.939072
3566,0.881504
3567,0.96873
3568,0.0952773
3569,0.786089
3570,0.269807
3571,0.101915
3572,0.877729
3573,0.776711
3574,0.996416
3575,0.711765
3576,0.0587726
3577,0.0919938
3578,0.994299
3579,0.271438
3580,0.954911
3581,0.967893
3582,0.866208
3583,0.739007
3584,0.103848
3585,0.0989738
3586,0.943426
3587,0.851192
3588,0.922663
3589,0.445363
3590,0.418999
3591,0.1472
3592,0.112923
3593,0.111019
3594,0.576823
3595,0.26559
3596,0.979484
3597,0.256457
3598,0.105527
3599,0.140103
3600,0.117335
3601,0.9917
3602,0.0879164
3603,0.782594
3604,0.241187
3605,0.126894
3606,0.114608
3607,0.171875
3608,0.156438
3609,0.0807041
3610,0.0901057
3611,0.610055
3612,0.779265
3613,0.962616
3614,0.889466
3615,0.0129971
3616,0.0655335
3617,0.863991
3618,0.385991
3619,0.260693
3620,0.109534
3621,0.0952441
3622,0.393113
3623,0.0923146
3624,0.140538
3625,0.108793
3626,0.0895161
3627,0.0855427
3628,0.989573
3629,0.0962017
3630,0.959503
3631,0.288095
3632,0.988208
3633,0.194988
3634,0.118128
3635,0.953382
3636,0.107504
3637,0.770763
3638,0.126078
3639,0.112775
3640,0.926802
3641,0.885207
3642,0.755175
3643,0.156716
3644,0.862783
3645,0.11378
3646,0.0981376
3647,0.100774
3648,0.390873
3649,0.107508
3650,0.969464
3651,0.10983
3652,0.900697
3653,0.84286
3654,0.101324
3655,0.0823068
3656,0.86989
3657,0.319498
3658,0.104108
3659,0.472233
3660,0.0802556
3661,0.123177
3662,0.903027
3663,0.114428
3664,0.756572
3665,0.0829824
3666,0.993727
3667,0.1138
3668,0.0614649
3669,0.119932
3670,0.475016
3671,0.290666
3672,0.295068
3673,0.970294
3674,0.28664
3675,0.114121
3676,0.0910205
3677,0.981427
3678,0.68167
3679,0.0953772
3680,0.247428
3681,0.107681
3682,0.881855
3683,0.173858
3684,0.0983377
3685,0.113864
3686,0.158721
3687,0.480958
3688,0.120741
3689,0.0930154
3690,0.906027
3691,0.277441
3692,0.48301
3693,0.0771544
3694,0.045925
3695,0.125119
3696,0.114121
3697,0.83219
3698,0.107824
3699,0.103958
3700,0.454991
3701,0.0870524
3702,0.114121
3703,0.942519
3704,0.256817
3705,0.118369
3706,0.0811526
3707,0.112642
3708,0.0725632
3709,0.114121
3710,0.114165
3711,0.853272
3712,0.553958
3713,0.109036
3714,0.114158
3715,0.196353
3716,0.108287
3717,0.84869
3718,0.115233
3719,0.0688186
3720,0.710524
3721,0.11412
3722,0.253454
3723,0.109297
3724,0.902908
3725,0.0930785
3726,0.91535
3727,0.0880691
3728,0.983552
3729,0.878981
3730,0.0784281
3731,0.112329
3732,0.106978
3733,0.0597071
3734,0.920642
3735,0.109742
3736,0.105307
3737,0.931666
3738,0.112067
3739,0.731548
3740,0.0933694
3741,0.0750955
3742,0.0879983
3743,0.0744521
3744,0.914715
3745,0.906753
3746,0.107596
3747,0.0669412
3748,0.103963
3749,0.109537
3750,0.0835134
3751,0.0982813
3752,0.846164
3753,0.114121
3754,0.0471908
3755,0.965053
3756,0.950246
3757,0.0961355
3758,0.0981043
3759,0.67814
3760,0.159161
3761,0.962366
3762,0.274005
3763,0.850375
3764,0.101181
3765,0.972806
3766,0.901753
3767,0.0962861
3768,0.857107
3769,0.0981922
3770,0.736741
3771,0.114121
3772,0.0767826
3773,0.188173
3774,0.124197
3775,0.840165
3776,0.395661
3777,0.104009
3778,0.863386
3779,0.910062
3780,0.612817
3781,0.0522747
3782,0.109485
3783,0.113787
3784,0.049268
3785,0.103423
3786,0.326669
3787,0.0546794
3788,0.97743
3789,0.0970377
3790,0.0393161
3791,0.651764
3792,0.109563
3793,0.190265
3794,0.0769961
3795,0.0984714
3796,0.111635
3797,0.952344
3798,0.143966
3799,0.111185
3800,0.28154
3801,0.727058
3802,0.736859
3803,0.745491
3804,0.303336
3805,0.923138
3806,0.0556269
3807,0.110314
3808,0.0730185
3809,0.1181
3810,0.0718587
3811,0.0805259
3812,0.039985
3813,0.679703
3814,0.100172
3815,0.100637
3816,0.111603
3817,0.64774
3818,0.109363
3819,0.093402
3820,0.354237
3821,0.771875
3822,0.10744
3823,0.968893
3824,0.897901
3825,0.0212963
3826,0.963559
3827,0.278892
3828,0.109068
3829,0.0988033
3830,0.0403452
3831,0.98711
3832,0.0894086
3833,0.093077
3834,0.937511
3835,0.0871752
3836,0.0537491
3837,0.13209
3838,0.725721
3839,0.105455
3840,0.409807
3841,0.113328
3842,0.169091
3843,0.0810248
3844,0.960251
3845,0.281644
3846,0.151237
3847,0.095316
3848,0.116616
3849,0.903593
3850,0.135992
3851,0.931373
3852,0.318396
3853,0.0900953
3854,0.0939642
3855,0.172607
3856,0.112364
3857,0.106325
3858,0.112642
3859,0.836244
3860,0.934268
3861,0.988312
3862,0.868727
3863,0.110109
3864,0.846627
3865,0.853444
3866,0.095702
3867,0.833659
3868,0.105573
3869,0.832916
3870,0.0968317
3871,0.381215
